,Handle,Name,administration,bill,budget,care,climate,conservative,corruption,debt,dem,doubt,economy,education,environment,gun ,health,human,illegal,immigration,interests,lobby,marriage,men,obama,private,religion,research,rich,security,stop,tax,terror,torture,trump,union,united,veterans,war,welfare,women
0,amyklobuchar,Amy Klobuchar,0.0035121543188801623,0.03362000682826905,0.0017321611471491976,0.017664458859679072,0.0016144417890064872,0.00024841242744964154,0.0,-0.0014144759303516558,0.014530419938545577,-2.864458859679074e-05,0.011500614544213042,0.0038302492318197335,0.0012355411403209289,-0.0029254011608057353,0.007804643222942982,0.001350153636053261,-0.0014787299419597132,0.000500785250938887,2.7791054967565732e-05,0.0003969272789347901,0.0004751792420621372,0.05988118811881187,0.0016601911915329465,0.0006345510413110276,0.00025346534653465343,0.0024579037214066237,0.0009413110276544897,0.00826715602594742,0.0003214407647661317,0.0013068624103789697,-0.0008009218163195631,0.0,0.0002770228747012636,0.0019710822806418573,0.0014672243086377604,0.0062648685558211,0.023925025606008878,0.0,0.019699146466370776
1,BenSasse,Ben Sasse,0.0,0.00015222222222222227,8.934027777777778e-05,-0.0001091319444444445,2.3298611111111113e-05,0.0012749305555555554,0.0,4.7465277777777777e-05,-0.0007457638888888891,-0.000611388888888889,0.0006774305555555556,0.0009576388888888888,0.00015291666666666668,-0.0002353472222222222,0.0012719791666666665,0.001184861111111111,-0.00047062499999999996,0.0,0.0005237847222222223,8.958333333333334e-06,0.00017684027777777777,0.010253645833333333,-0.00021263888888888892,0.00011805555555555556,0.0004727430555555555,0.0002859722222222222,2.243055555555559e-05,0.00045253472222222217,-0.002499826388888889,0.0004461805555555555,-0.0006446875,0.0,0.0017671527777777779,0.0005024305555555556,0.0009559722222222222,0.0,-0.0013612847222222225,0.0,-0.000742986111111111
2,BillCassidy,"Bill Cassidy, M.D.",0.0006293878931349341,0.013198613459587423,0.00040791342576936083,0.038568988840040556,0.00011329049712546503,0.002404159621237741,0.0,-0.0002734866418667568,0.006602705444707473,9.239093676022996e-05,0.0035343253297260733,0.002072641190395671,0.00016702739262766317,-0.0005658099425093,0.03407091646939461,0.0004473452823807913,0.0026809942509299967,0.0026527561717957387,0.0003593506932702063,0.0,0.0,0.02303828204261074,0.0011768684477510992,0.0010904294893473116,0.0,0.002996787284409875,0.0007348326006087251,0.000536591139668583,0.002492018938112952,0.005722996280013529,-0.0004392289482583698,0.0,0.0075260399053094385,0.0008167061210686507,0.001872708826513358,0.005865471761920866,0.013949983090970574,0.0003272911734866419,0.004911193777477172
3,BobCorker,Bob Corker,0.0,0.00685625,-0.006086805555555557,0.015530555555555554,0.0,0.0,0.0,-0.0025083333333333333,0.0,-0.0007659722222222219,-0.0028638888888888893,0.0,0.0,0.0,0.008960416666666667,-0.003310416666666667,0.0,0.0,0.0,0.0,0.0,0.022661805555555557,0.0015715277777777778,0.0,0.0,0.0,0.0,0.0021347222222222223,0.0,0.010977083333333333,0.0,0.0,0.004504166666666667,0.0,0.0,0.005490277777777778,0.014681944444444444,0.0,0.0054868055555555555
4,brianschatz,Brian Schatz,-0.0005546344647519582,0.0016884138381201036,0.0003558746736292429,0.007083028720626633,0.0025116187989556145,0.00048126631853785906,0.00028965404699738903,-0.0008605417754569193,0.009018994778067887,0.00015750652741514364,0.0006519255874673627,0.0007452676240208876,-0.00018051566579634467,-0.002686096605744126,0.004436031331592689,0.0014787532637075718,-0.0014923629242819842,-0.000714784595300261,-0.0001629569190600522,-0.0006409595300261096,0.0,0.004650391644908616,-4.2330287206266185e-05,-0.0001474869451697128,0.0,-0.0011924281984334205,0.0028096605744125334,0.0011068864229765011,-0.002378687989556136,0.0006975195822454306,-0.0012909595300261095,-0.0002839425587467363,0.0032432767624020887,0.0016971605744125326,0.0017843015665796346,0.0011928851174934727,-0.001169125326370757,8.52154046997389e-05,0.0012150130548302873
5,ChrisCoons,Senator Chris Coons,0.0039643358982937435,0.0228967213114754,0.00015352960856473754,0.030488457678153214,0.0016352626296420208,0.0001473402475744396,0.0002601873536299766,-0.0011595516895282704,0.014549581799933096,-0.00029284041485446637,0.003843994647039144,0.007501906992305118,0.00120418200066912,-0.002657611241217798,0.02997654734024756,0.0053025761124121775,-0.0006351957176313148,0.002784041485446638,0.0035102709936433597,0.0001669120107059217,-0.0008806289729006356,0.0544358982937437,-0.0002693208430913349,0.0012618601538976247,0.0012693208430913348,0.004670893275342924,0.0013594513215122116,0.009366343258614922,-0.001988691870190699,0.007782034125125461,-0.0012602208096353297,-0.0002624623619939779,0.00476912010705922,0.0008755436600869856,0.008558179993308794,0.0015922047507527601,0.04737370357979255,0.00032365339578454335,0.004321010371361661
6,ChrisMurphyCT,Chris Murphy,-0.0015076062639821032,0.0036786193672099696,0.00015899648449984016,0.029127356983061684,-5.135826142537552e-05,0.0004001917545541707,0.00023828699264940876,-0.0010184403962927454,-0.0026340364333652935,-0.0007149248961329499,0.0003285394694790668,0.001575775007989773,0.0014555768616171302,-0.02084880153403642,0.020717545541706617,-0.0018897091722595077,-0.002150207734100351,-0.00013167146053052087,-0.0003806008309364014,-0.0006372323426014705,0.0,0.004084244167465644,-0.0013171620325982743,-0.00020767018216682651,0.0,-0.0005314157877916266,0.001415915627996165,0.002776478108021732,-0.002319175455417065,0.004346085011185682,-0.002142473633748802,0.0,-0.003290572067753278,0.0004842441674656439,-0.0006291786513263023,0.004129913710450623,-0.006162224352828378,0.0,0.000251006711409396
7,ChrisVanHollen,Chris Van Hollen,-0.0033938074310827,0.010342069516580104,-0.0015087095485417498,0.016854095085896928,4.546544147023568e-05,-0.00021697962445065922,0.00025725129844186975,-0.0036953256092688773,0.0030731921693967247,0.0002226927686775869,0.0024155013983220134,0.002348381941669996,0.0021031162604874146,-0.009355852976428287,0.014731721933679586,0.0004127447063523769,-0.0011487415101877748,-0.0017722333200159805,0.005135956851777867,-0.0018092289252896522,0.0,0.018562644826208556,-0.00019236915701158604,-0.0006630443467838593,-0.00018330003995205751,0.0026018777467039554,0.004413144226927686,0.0023266879744306837,-0.009625289652417098,0.004986815821014786,-0.005175829005193767,-0.00020862964442668798,-0.015833240111865755,0.0015855373551737913,0.00500870954854175,0.001057890531362365,0.005228485817019576,0.0,0.0011661606072712741
8,ChuckGrassley,ChuckGrassley,0.0003464045698924731,0.009223084677419354,0.0003266129032258064,0.009057224462365591,0.00043403897849462363,0.0008402889784946237,-8.793682795698924e-05,-0.001736424731182796,0.0033657930107526884,0.0,0.002326041666666667,0.0014337029569892474,0.0003493951612903226,-0.0003027889784946237,0.008719959677419354,0.0015619959677419352,-0.0008486223118279571,0.0029743951612903234,-0.00024519489247311826,0.0001928427419354839,0.0004553427419354839,0.01507516801075269,0.0013879368279569892,0.0003105174731182796,0.00021401209677419355,0.00019475806451612907,0.0008319220430107526,0.0047490927419354826,-0.0012548051075268814,0.007157963709677418,-0.003765759408602151,0.0,0.006521438172043011,0.0030442876344086017,0.001550840053763441,0.006079805107526881,0.010333232526881724,0.0010461693548387096,0.0016535282258064515
9,clairecmc,Claire McCaskill,-0.00019233680227057718,0.00037754651529486,-0.0011653421633554084,0.0043316304005045735,-0.00030047303689687796,-0.00034840744244717754,0.00036291390728476823,-0.00036777041942604854,0.0029554083885209716,-0.0001610217596972564,-0.0002981393882056134,0.0001474613686534216,0.0,-0.0003378114159571113,0.0025042888678650254,0.00023506780195521916,-0.0003565436770734784,0.0008578997161778619,0.00020920845159255755,-0.0001437716808577736,0.0,0.01431466414380322,-0.0003001892147587512,0.0008487858719646799,0.0,0.0009434247871333964,0.0005977924944812363,0.001987953327026175,-0.0016119520655944498,-0.001109082308420057,-0.0011299905392620623,0.0,0.0008857142857142855,-0.00013888363292336803,0.0015192368338063698,0.004186313465783664,0.0029105644906969423,0.0,0.006786534216335541
10,CoryBooker,Cory Booker,-0.0016662602965403623,0.005416046128500823,6.266886326194397e-05,0.016227281713344317,-0.0004940362438220758,-0.00016481054365733114,-0.0002852718286655684,6.240527182866557e-05,0.005193080724876441,-9.752883031301483e-05,8.293245469522238e-05,0.0006464250411861614,0.002642174629324547,-0.0030342009884678747,0.013880197693574958,0.0005135420098846788,-0.0006150576606260297,0.0001498517298187809,0.0016232619439868203,-0.000777495881383855,0.0008550576606260297,0.023035848434925853,-0.00047957166392092245,0.0003911367380560132,0.00037317957166392097,0.0007189785831960461,0.0022284349258649095,0.000758978583196046,-0.000698978583196047,-0.0015481054365733115,-0.000832652388797364,-0.0008579242174629325,-0.0036463920922570003,0.0016250741350906097,0.001730378912685338,0.0010499176276771004,0.008067775947281712,0.0,0.0013428006589785828
11,GrahamBlog,Lindsey Graham,-0.0012199693955623567,0.003015761285386382,-0.0001428462127008417,0.003407995409334352,0.0,0.0010964039785768935,-0.00022930374904361135,-0.004089173680183626,0.001067750573833206,5.9143075745983175e-05,-0.0010289977046671766,0.00016847742922723795,0.0,-0.006641354246365721,0.004347398622800306,0.0002328615149196633,-0.0011485845447589899,1.2624330527926646e-05,0.0009640397857689365,0.0,3.519510328997706e-05,0.007231293037490431,-0.013164919663351198,2.9533282325937263e-05,0.0,9.563886763580719e-05,-6.392501912777347e-05,0.007173412394797246,-0.0010897092578423869,5.2486610558530965e-05,-0.013467635807192043,0.0,0.0003187069625095639,0.00018026013771996937,0.007907459831675592,0.0015809869931140016,-0.0011707727620504974,0.0,0.0015704667176740627
12,JeffFlake,Jeff Flake,0.0008023470565602155,0.012860176991150432,-0.0001517121969988457,0.004621123509041939,0.00016944978838014622,0.00201304347826087,-0.00023382070026933436,-0.008551365909965374,0.003454867256637169,-0.0003330126971912274,0.0008465563678337821,0.0006809542131589073,0.0005335513659099654,-0.0005799153520584841,0.003318045402077722,0.00019215082724124662,-0.0017197768372450941,0.003230473258945749,0.0013342054636398615,0.0007888033859176607,-0.00036464024624855714,0.02306952674105424,0.0021675644478645634,0.0005370911889188149,0.0,0.00033285879184301656,0.0005676414005386687,0.005275952289342054,-0.0015806464024624857,0.0032069257406694886,-0.0019638322431704503,-2.9703732204694113e-05,-1.0504040015390532e-05,0.0009744901885340516,0.0016616006156213927,0.005257714505579068,0.013660292420161596,-0.00010238553289726819,0.001827048864948057
13,JerryMoran,Senator Jerry Moran,-0.0001291218326969802,0.01671863936133287,0.000527282193682749,0.022226830961471714,4.106213120444293e-05,0.0,0.0002911141964595626,0.00033592502603262754,0.0035360291565428668,0.00011596667823672337,0.004698333911836168,0.004788024991322457,0.0017095105866018745,-0.00043123915307185005,0.010590801804928844,0.0013122526900381812,-0.0004234987851440472,0.0001457480041652204,0.0018148559527941686,0.0,0.0003256508156889969,0.044185525859076695,0.00035918083998611583,0.0,0.0005224227698715725,0.0035602221450885107,0.0017827490454703227,0.005458903158625476,0.0016311350225616103,0.0052861853523082265,-0.0034375564040263792,0.0,0.0002655328011107254,0.0,0.005536029156542867,0.01913977785491149,0.019618812912183266,9.482818465810483e-05,0.007906837903505728
14,JimInhofe,Jim Inhofe,0.001000670690811535,0.01556230717639169,0.0013294433266264252,0.014881757209926223,0.003107847082494969,0.004557880617035547,0.0,0.0,0.0014633802816901404,0.0,0.009987860496311202,0.00044118041582830316,0.0047141515761234066,-0.00034245472837022135,0.0042742454728370224,0.0016816901408450704,-0.0011362173038229376,0.0023446009389671363,0.0008668678739101274,0.0007792756539235412,0.0,0.056892890677397695,-0.00036519114688128817,0.00059738430583501,-0.0004983232729711603,0.0001517773306505701,0.0,0.008886452045606974,0.0018422535211267607,0.006904024144869215,-0.008139771965124078,0.0,0.003998189134808853,0.0013205902079141516,0.005188866532528504,0.011669483568075116,0.029294164989939638,-0.00018323272971160296,0.008167471495640509
15,JohnBoozman,Senator John Boozman,0.0038809555629802876,0.02725492816572002,0.0009533244236551954,0.02473775476110926,0.00031496825927163384,0.00033377881724022717,-0.00043043768793852324,4.2231874373538243e-05,0.002358870698296024,-0.0001730036752422319,0.012234580688272639,0.007153524891413299,0.0009257266956231207,-0.000410090210491146,0.014275141997995327,0.0008700634814567324,-0.0003686602071500167,0.00015188773805546274,0.0012622118275977278,0.00016972936852656194,0.0,0.08700123621784156,0.001755629802873371,0.0021336451720681588,0.0,0.0019791513531573672,0.0022192114934847977,0.00475282325425994,0.007391747410624791,0.010294687604410293,-0.002264617440694955,0.0,0.0005668894086201135,0.0017448713665218845,0.003384964918142332,0.02272014700968927,0.03925489475442698,0.000294954894754427,0.012492281991313062
16,JohnCornyn,Senator John Cornyn,0.0023553682037164487,0.005161046111493463,0.0005770474879559531,0.004055471438403305,0.0,0.0016083275980729526,-0.00032013076393668275,-0.00026782518926359256,-0.002446765313145219,-0.0015087405368203717,0.0012241225051617345,0.003644838265657261,8.176187198898828e-05,-0.0012464900206469373,0.0016222986923606333,-0.0006142807983482449,-0.004438024776324845,8.78527185134205e-05,-2.594631796283552e-05,-0.0001699587061252581,-0.00037357192016517545,0.019541913282863047,0.0004753957329662768,0.0009943565037852718,0.0,0.00026906400550584996,0.0007751204404679973,0.007836338609772883,-0.0030388162422573983,0.005407570543702684,-0.0020833792154163803,-0.0006955609084652443,0.006846386785960082,0.0005343427391603579,0.003116379903647626,0.002393358568479009,0.004272814865794909,0.00013830006882312455,0.0024322092222986923
17,joniernst,Joni Ernst,-0.0002177895533686601,0.0013395912187736563,0.0015022710068130205,0.007854882664647993,0.0,0.006341710825132475,0.0,-0.0033463285389856174,0.0006580620741862225,0.0,0.002109008327024981,0.0005771385314155942,0.0003835730507191522,0.0,0.0038614685844057532,0.0,-0.0002068130204390613,0.0,0.00265336866010598,0.0,0.0,0.025940423921271778,-0.0025115064345193026,-0.000718773656320969,0.0,0.0,0.0002734292202876609,0.0025262679788039363,0.0073532929598788795,0.0008535200605601816,-0.002637471612414837,0.0,0.0009052990158970477,0.0005783497350492051,0.0016267221801665407,0.010164193792581377,0.006563966691900076,0.0,0.007089553368660105
18,lisamurkowski,Sen. Lisa Murkowski,0.0005729300439337613,0.032647718823927016,0.0030953700574518415,0.016332578573842516,0.0028056437985806014,0.0,0.0,0.0,0.005697904697532949,0.0007869212571814802,0.008245217979046975,0.005603007772896249,0.005483710713078742,-0.0005328489354511659,0.020936363636363635,0.0014216965190942887,-0.0007923622845555931,0.00021909428861101722,0.0009171003717472118,0.0,0.0,0.07764670496789455,0.00031622169651909435,0.0010340993578911795,0.0,0.002712031091584995,0.0034069618114227784,0.015266542750929374,0.0022687056437985806,0.009124907063197026,-0.0017928016221696523,0.00020256843528218993,-0.00020588036498817166,0.0009526867184859749,0.004070564379858061,0.01112852314971274,0.03427249070631969,-0.00020253464008110851,0.014223690435958098
19,marcorubio,Marco Rubio,-0.000912287400208261,0.003015341895175287,0.0002179798681013537,0.004248871919472406,-6.598403332176327e-05,0.0039762929538354735,-0.0007017702186740716,-0.0008239153071850052,-0.0019753210690732384,0.00030343630683790353,0.002046997570288094,0.0003793127386324193,2.7559875043387723e-05,-0.003726587990281152,0.0013744186046511626,-0.002224817771607081,-0.0016350225616105522,-0.0009646997570288096,6.334606039569593e-05,-0.0004768483165567512,-0.0005641096841374522,0.0009163137799375197,-0.0003677195418257549,0.0005390142311697328,6.053453661922943e-05,-0.000696043040610899,0.0001824019437695245,0.001914265879902811,-0.004206594932315168,0.003994619923637625,-0.00564783061437001,-0.00121044776119403,-0.0037057618882332527,0.0003779937521693856,0.0016237070461645263,0.0011679625130163137,-0.0034171468240194363,0.0,0.0021108295730649087
20,MarkWarner,Mark Warner,-0.0034994302949061654,0.016014979892761395,-0.0003417560321715818,0.0133211126005362,0.0,-9.601206434316353e-05,0.0,-0.0017445375335120644,-0.004353853887399462,-0.0006295911528150134,0.004171313672922251,0.0024893431635388736,-7.47319034852547e-05,-0.0022752680965147454,0.008337868632707768,0.0005988941018766756,-0.0012553954423592494,-0.0006529825737265415,0.00046916890080428946,-0.00028156836461126,0.0,0.025009819034852533,-0.00011732573726541553,0.0011558646112600536,9.919571045576395e-06,0.0030303284182305627,0.0023148123324396776,0.009062935656836465,-0.005411327077747987,0.0034687332439678285,-0.0016367627345844505,-0.0005511394101876675,-0.0038983243967828395,0.003831065683646112,0.0011686662198391422,0.005383445040214476,0.006635757372654155,0.0,0.0067803619302949075
21,MartinHeinrich,Martin Heinrich,-0.0021757287913527676,0.0072427448411398615,-3.20995741893239e-06,0.013058532590894206,0.0007705535538814281,0.0004587618735669833,-0.00015754995086799867,0.0007067147068457254,-0.0015737307566328202,3.255813953488374e-05,0.015316148051097274,0.005903799541434654,0.0018917458237798883,-0.0059484113986243035,0.008106354405502784,-0.0007885358663609564,-0.0005198820831968555,-0.0003752047166721257,0.002114477563052735,-0.0002721912872584343,1.6901408450704224e-05,0.031239796921061228,-0.00023930560104814933,0.0018343268915820504,0.0,-0.00025905666557484445,0.0015101867016049787,0.006741729446446121,-0.004169341631182442,0.0032188994431706515,-0.0024443825745168687,-0.003161480510972814,-0.011100196528005238,0.0,0.002470881100556829,0.005183196855551916,0.0034798231247952834,0.0,-0.0007113658696364229
22,maziehirono,Senator Mazie Hirono,-0.0011108019040644449,0.0057535701208348555,0.0002528011717319663,0.015838300988648853,0.00032057854265836694,-6.07835957524716e-05,0.0,-0.001071475649945075,-0.0005549249359209081,5.6755767118271704e-05,0.00370710362504577,0.004571072867081655,0.0015859392164042476,-0.0005775906261442695,0.013215086049066276,-0.0008525448553643355,-0.0005708531673379715,0.002469644818747711,0.0017283412669351888,0.00011779567923837425,0.0005318930794580739,0.036757488099597224,0.0035578176492127426,0.0009110216038081289,-0.0004593189307945808,0.0008135481508604906,0.0025307945807396554,0.0034889783961918708,-0.0002748077627242765,0.0043791285243500525,-0.00023654339069937747,-7.630904430611499e-05,-0.0027307945807396564,0.00030585865983156357,0.0034306481142438667,0.007818125228853902,0.01003991212010253,0.00017455144635664593,0.0077126327352618086
23,MikeCrapo,Senator Mike Crapo,0.00015052132701421798,0.011159526066350716,0.00045867298578199046,0.008311058451816749,0.00013914691943127963,0.0005988309636650868,0.0,-0.002928846761453397,0.0032739336492890996,-0.00030113744075829384,0.0022342812006319115,0.0023443917851500786,0.00014492890995260662,0.0005910268562401262,0.009499273301737757,0.0008859399684044234,-0.0001448657187993681,0.0004593996840442338,0.0002598736176935229,0.0,0.0,0.03143428120063193,0.00019864139020537127,0.000594218009478673,0.0,0.003471816745655608,0.000814218009478673,0.0029726066350710895,-0.0006245181674565558,0.0018655292259083728,-0.0009846761453396523,0.0,0.0004716587677725118,0.004272448657187993,0.0030661927330173774,0.016640884676145336,0.021316145339652464,-8.537124802527646e-05,0.0032105213270142183
24,PattyMurray,Senator Patty Murray,-0.0006264564770390679,0.008060486634681287,0.0034645647703906786,0.08095945853324191,-0.0011037697052775873,0.0007974982864976011,0.0004625428375599725,-0.0013098697738176837,0.00037261823166552386,0.0001337902673063742,0.006661891706648389,0.0074855380397532536,0.008519122686771767,-0.005583721727210418,0.05750723098012335,-0.00047066483893077444,-0.000277553118574366,-0.0012229952021932829,0.004913879369431117,-0.00028773132282385196,0.0,0.04887183002056209,0.0009110006854009594,-2.6456477039067857e-05,0.0,0.0007418094585332418,0.006967820424948594,0.005794688142563397,-0.0035099040438656606,0.012187251542152158,-0.0007265935572309802,-0.00011651816312542838,0.0040967443454420814,0.0033026387936943118,0.0017767306374228923,0.005559904043865662,0.005861137765592874,0.0,0.018070699108978742
25,RandPaul,Senator Rand Paul,0.00036318644067796617,0.006805050847457625,-0.002506813559322034,0.021942067796610152,0.00018854237288135593,0.0030962711864406783,-0.0002491864406779661,-0.004609423728813558,-0.0009482033898305084,-0.0003043728813559322,0.000812677966101695,0.0005682372881355933,0.0010667796610169492,-0.0014292542372881353,0.016502610169491515,-0.0020088135593220344,-0.0004040338983050847,-0.00020969491525423727,0.0003324745762711865,0.0,0.0003209491525423729,0.015254983050847446,0.004276203389830513,0.0006013220338983051,0.0,0.00011430508474576265,0.00044277966101694915,0.002350915254237288,-0.006030101694915253,-0.0018418305084745767,-0.001985762711864407,-0.0010550847457627118,0.002185898305084746,0.00031355932203389834,0.0014058644067796611,0.002223016949152542,-0.017081050847457636,-0.00021623728813559322,0.0003995593220338982
26,realDonaldTrump,Donald J. Trump,0.000861814073595868,0.01245041962556488,0.0006710135571336346,0.008096029696578438,0.0,0.0006289218850871528,-0.002489025177533893,-0.00036985151710781147,-0.004295706907682375,0.0006217559715945772,0.00823879922530665,0.0004842479018721756,0.00027504841833440934,-0.0008663008392511297,0.003317043253712073,0.0007568754034861199,-0.016460329244673985,-0.004313815364751454,-0.0001302775984506133,-6.888315041962558e-05,0.0,0.05791391220142032,-0.00011949644932214286,0.0018964816010329246,0.00020242091672046481,6.743060038734667e-05,0.0036821820529373793,0.013127404777275663,-0.006396287927695287,0.01787149774047772,-0.00233234344738541,0.0,0.012172692059393161,0.00352224015493867,0.021608263395739187,0.0034507746933505486,0.013386023240800517,0.0,0.007912943834732084
27,RonWyden,Ron Wyden,-0.0021951629863301795,0.00782260778128286,0.0002803364879074658,0.03888762705923588,0.0005346652646337187,7.090781633368384e-05,-0.0011073957237995094,-0.0005730459165790397,-0.0006152821591307403,-0.00037216964598668065,0.003290150718541886,0.0036672625306694707,8.790746582544702e-05,-0.0033757798808271987,0.033156361724500524,-0.001491167192429022,-0.002270031545741325,0.0005606729758149316,0.002674693305292675,0.00014735366281107607,0.00019397125832457064,0.008765545040308445,0.0005024886084822992,-0.0012352611286365232,0.0008079915878023134,0.0004070101647388713,0.00280056081317911,0.00815443392919734,-0.006644830003505084,0.006777777777777779,-0.001722783035401332,-0.0015571328426218017,-0.003734630213810026,0.0014721345951629863,0.0003431826147914475,0.004542691903259727,0.004774272695408343,0.000522397476340694,0.001357308096740274
28,RoyBlunt,Senator Roy Blunt,0.001609050492219752,0.031431787869164805,0.0022045411241664024,0.02615544617338837,0.0,0.0,0.0,0.001468593204191807,0.006157224515719275,9.777707208637665e-05,0.00786252778659892,0.006764687202286441,0.0003335979676087647,0.0002679898380438234,0.026788059701492516,0.0003515719275960623,0.0,0.0003028580501746586,0.0003091457605589076,0.0,0.0,0.05741213083518577,-0.00020006351222610368,0.00030806605271514764,0.0,0.017546840266751334,0.002613496348046999,0.004530739917434106,0.005651190854239441,0.013190314385519207,-0.002443410606541759,0.0,0.004553000952683391,0.0014818990155604957,0.001918323277230867,0.012710225468402659,0.028178342330898692,0.0,0.007478056525881232
29,SenAlexander,Sen. Lamar Alexander,0.002287535816618911,0.029794161891117468,0.002565687679083095,0.024960064469914032,0.00010408309455587391,0.001055694842406877,0.0,-0.0006234957020057307,0.0014491045845272206,0.0,0.0017866045845272203,0.012485207736389687,0.0016695200573065905,0.0,0.02758187679083094,0.0017878581661891118,-0.0009329154727793696,0.0005237464183381089,0.00042936962750716334,-2.7650429799426936e-05,0.0,0.051180300859598814,0.0004037249283667621,0.0019511819484240688,0.0,0.007825680515759314,0.0007410458452722063,0.0031229584527220633,-0.0007933739255014325,0.006094770773638968,-0.0019059097421203438,0.0,0.006853402578796561,0.0011616045845272208,0.0059067693409742125,0.0020525071633237827,0.017457127507163318,0.0,0.0025882163323782234
30,SenAngusKing,Senator Angus King,0.0012839418526031103,0.015141277890466525,0.00389685598377282,0.018332082488167683,0.0013854293441514535,0.0,0.0,-0.0005977349560513861,0.00015094658553076423,0.0,0.009180189317106154,0.002133569979716024,0.0007858688302907369,-4.2224475997295434e-05,0.013193542934415147,0.001380189317106153,-0.0003694050033806626,2.501690331304938e-05,0.0005312711291413117,0.0,0.0,0.04259401622718047,0.0,0.0006118999323867478,0.0,0.0014796484110885738,0.001194793779580798,0.006515010141987827,-1.7139959432048633e-05,0.0011136240703177823,-0.0011372549019607844,-0.0006079107505070994,0.0007924949290060853,0.0016823529411764703,0.00033759296822177153,0.009426876267748477,0.016069066937119677,-8.72210953346856e-06,0.006838133874239353
31,senatemajldr,Leader McConnell,-0.0008972416201117318,0.021348708100558653,0.00035886871508379896,0.00863582402234637,-2.4755586592178767e-05,0.0007250000000000001,0.0,0.0007047486033519554,0.005505586592178767,-0.0004166550279329609,0.0025896298882681565,0.002074196927374302,0.0010870111731843576,-9.539106145251397e-05,0.007475872905027936,0.0011275837988826815,-0.0008861033519553074,0.0009084497206703909,0.0019000698324022345,0.0001486382681564246,0.0,0.03750670391061453,-0.001646648044692738,0.0004439245810055865,0.0,0.0011570181564245809,0.000603177374301676,0.011893121508379885,-0.0009725558659217876,0.008015851955307263,-0.0056393505586592165,0.0,0.0009673882681564246,0.0007835893854748604,0.004756878491620112,0.0044997905027932975,0.011707751396648047,0.0,0.0063237779329608935
32,SenatorBaldwin,Sen. Tammy Baldwin,0.0031283571167215517,0.01393058909623125,-0.0008280278082693013,0.06360526893523598,0.0004942188071716062,0.0,0.0,0.000695096963044274,0.004392206366630076,0.0001361873399195024,0.025820892791803874,0.006933918770581775,0.00039506037321624586,-0.0015534943285766558,0.042009586534943265,0.0001439077936333699,-2.553969996341016e-05,-0.00015422612513721186,0.0020043541895353087,0.0013221368459568241,0.0,0.05312381997804615,-6.110501280643999e-06,0.0005551042810098792,0.0,0.002898975484815221,0.0023349432857665566,0.004867178924259056,0.0029937797292352722,0.02212828393706549,-0.0015570069520673253,0.0,0.0112580314672521,0.0021661178192462494,0.0019439077936333697,0.011245700695206732,0.03696114160263445,0.0,0.008891218441273328
33,SenatorBurr,Richard Burr,-0.00028359350111500475,0.011544249761070404,-8.926409684612944e-05,0.018282287352660086,0.0,0.0005846766486142084,0.0,-0.001746129340554317,0.0013566741000318571,0.00024695762981841353,0.001813380057343103,0.0031298184135074864,0.00040379101624721253,-0.0002907932462567697,0.0076870978018477205,-0.00011328448550493787,-0.00038438993309971334,-0.00011901879579483912,0.0001440904746734629,0.00011506849315068494,0.0,0.020768907295316982,-0.0032388340235743863,0.000988372093023256,0.0,0.0006636827014972921,0.0008106403313157056,0.009469448869066583,-1.1723478814909047e-05,0.002609270468302008,-0.01631812679197197,0.0,-0.0001623128384835935,0.0001243708187320803,0.001455527237973877,0.00774992035680153,0.010871392163109271,0.0,0.00490978018477222
34,SenatorCantwell,Sen. Maria Cantwell,-0.003299794590893529,0.004770558028072578,4.402601848681956e-05,0.02272105443341322,0.000518760698390962,0.0,0.0,9.222868880520368e-05,-0.0003963026360835326,0.0002890106128038343,0.012689352961314623,0.006140773707634372,0.0019118452584731254,-0.0003170147209859637,0.01589277644642246,-0.0015280725778842855,-0.0007232112290311536,-5.155768572406708e-05,0.003338616912016433,0.0,-0.00040605956864087637,0.03924635398836013,-0.00011639849366655256,0.0006562136254707292,-4.85792536802465e-05,0.0011003081136597055,0.001193050325231085,0.006773502225265318,-0.0023121533721328297,0.0035245463882232105,-0.0002631975350907224,0.0,-0.004912701129750083,0.0003296816158849709,0.004769257103731601,0.003242553919890448,0.010767819239986303,0.0012396097226977064,0.005215713796644986
35,SenatorCardin,Senator Ben Cardin,-0.0025438365650969526,0.0021814750692520776,1.0110803324099783e-05,0.012843005540166208,0.0005873614958448753,-9.030470914127425e-05,-0.00012364958448753466,-0.0007436980609418283,0.00045588642659279756,-0.00030051939058171743,0.004040893351800553,0.0012743074792243767,0.0029594529085872584,-0.003101662049861496,0.011740893351800553,-0.0012180401662049863,-0.000958240997229917,-0.0003301592797783933,0.003687396121883656,-7.423822714681441e-05,-0.00022842797783933515,0.019763261772853175,1.1426592797783924e-05,-9.300554016620499e-05,-0.00011710526315789475,0.0006734418282548476,0.0017004847645429365,0.008022922437673129,-0.0037470567867036006,0.0008002423822714682,-0.0015335872576177287,-0.0008240304709141274,-0.004678324099722993,0.003309556786703601,0.0035863573407202217,0.0034207756232686984,0.006811772853185594,-0.00022053324099722993,0.0035122576177285324
36,SenatorCarper,Senator Tom Carper,0.000808360337005833,0.011563123784834735,-0.0011271224886584576,0.025655832793259874,0.0005354828256642901,0.0,-0.00026801685029163966,-0.0005373622812702527,0.004171062864549579,-0.00026555411535968896,0.006661860012961763,0.00280103694102398,0.0061910563836681766,-0.003017790019442644,0.025877867790019424,-0.0003247893713545042,-0.0017908619572261826,0.00016905379131561886,0.0013368114063512637,-0.00017906675307841866,0.00028736228127025274,0.03743457550226827,0.0016509721322099805,0.00135900842514582,1.2637718729747221e-05,0.0031212248865845754,0.001646662346079067,0.006461406351263773,1.4646791963707106e-05,0.005003208036292936,-0.0026496435515230067,6.94750486066105e-05,0.004236714193130268,0.0007797148412184057,0.001911600777705768,0.00461902138690862,0.04680029163966299,0.0,0.00436889176928062
37,SenatorCollins,Sen. Susan Collins,-7.020510975170926e-05,0.016254120187117672,0.00012612450521770423,0.025468477869737313,9.924433249370276e-05,0.0,0.0,0.00033022670025188917,0.0016161928751349409,0.00032389348686577904,0.0058902123065851025,0.004375638718963655,0.0015272759985606333,-0.0005813242173443684,0.020136523929471024,0.0006875494782295791,-0.0008759985606333212,0.0007437927311982727,0.0,0.0,0.00021568909679740915,0.058636739834472776,0.0004694494422454121,0.000272544080604534,0.0004385390428211587,0.009323389708528246,0.0014534364879453042,0.007998632601655271,-0.0008459877653832314,0.005838862900323857,-0.004530082763584024,0.0,0.0001935588341129903,0.0010933789132781576,0.0013783015473191795,0.010016156890967976,0.028047031306225257,0.0,0.007919899244332493
38,SenatorDurbin,Senator Dick Durbin,-0.015340691868758907,0.0037067047075606285,-0.00030763195435092733,0.023833345221112696,-0.0008608773181169757,0.0003011055634807418,-2.0114122681883025e-05,-0.00195299572039943,-0.004076176890156919,0.00045445791726105565,-7.154065620542086e-05,0.0029621611982881602,0.0010677603423680457,-0.01195174750356633,0.019019686162624835,-0.006203067047075606,-0.001402888730385164,-0.00356330242510699,0.0017117332382310987,-0.0017135520684736089,-0.0007078102710413695,0.01196159058487875,0.0010629457917261057,0.00015477888730385165,-7.300285306704707e-05,0.002682275320970043,0.0006533166904422255,0.0016069186875891585,-0.008977211126961482,0.004441726105563479,-0.004311483594864479,-0.0012689015691868758,-0.019009950071326664,-0.000132453637660485,0.0034731811697574877,0.0034395863052781735,-0.0019066333808844503,-0.00023437945791726105,0.003266904422253922
39,SenatorEnzi,Mike Enzi,0.0010168138698070004,0.02371350997710171,0.011024206738632648,0.02316928361138371,0.0020580961727183515,0.0003187765783447825,0.0,-0.0026203140333660455,0.0023128884527314365,0.0,0.010016159633627737,0.00714213280994439,0.001513804383382401,-0.0004220804710500491,0.015326005888125617,0.0005823029113509977,-0.00032178606476938176,0.00036633954857703626,0.0008116126921818775,0.0008590448151782794,0.0,0.037742165521753315,0.0018667975139025192,0.00202747791952895,0.00025021262675825975,0.0017743212299640172,0.00041462217860647695,0.007970690219169121,-0.0045947661105659125,0.014058815832515538,-0.00025243702976774615,0.0,0.0031120379456983974,0.0007322865554465162,0.001650376185803075,0.008373012757605497,0.0181552175335296,0.00020441609421000982,0.0016974157670919204
40,SenatorFischer,Senator Deb Fischer,0.0004660508083140877,0.02099531507753215,3.114483668756188e-05,0.010585219399538106,0.0,0.000754140547674035,0.0,0.0002996040910590564,0.004506895414054767,-0.0002491586935004949,0.0023413394919168593,0.0030750247443088086,0.0015883536786539096,0.0,0.008625008248102934,2.26657868690201e-05,-0.0004727812603101286,0.0,9.323655559221378e-05,0.0,0.0,0.049209336852523884,-0.00045031342791158034,0.0007121741999340151,0.0,0.0014328604420983174,0.0010566479709666777,0.0027513361926756845,0.0042837347410095705,0.002863081491257011,-0.003698152424942263,0.0,0.0007530517980864402,0.0004633784229627186,0.0011074232926426922,0.0033923787528868364,0.017951534147146148,0.0,0.012461299901022765
41,SenatorHassan,Sen. Maggie Hassan,-0.0050769289827255265,0.018059309021113242,-0.0020799232245681384,0.03381174664107484,0.0015290595009596931,0.0,0.0,0.00016806142034548943,-0.0009555854126679463,-0.0006485604606525913,0.0083879462571977,0.00985623800383877,0.0021157389635316696,-0.006221996161228407,0.0194026103646833,0.0026939347408829173,0.0,0.0002492898272552783,0.006575623800383877,-0.00017627639155470248,3.842610364683298e-05,0.04707370441458732,0.0002629558541266795,0.00031412667946257195,-9.904030710172744e-06,-0.0001960460652591171,0.00023120921305182343,0.004143493282149711,0.002402610364683302,0.007735508637236087,-0.0027772744721689057,-0.0005381573896353167,-0.00633389635316698,0.0010778119001919385,0.003964107485604606,0.02036333973128599,0.017245796545105576,-0.00021397312859884837,0.013882226487523996
42,SenatorHeitkamp,Sen. Heidi Heitkamp,-0.0034525103163686394,0.06840794360385145,0.0010980742778541953,0.04993786107290237,0.0003408872077028886,-0.0001577716643741403,0.0,0.0018826685006877583,0.0024670220082530932,0.0003070839064649244,0.009085213204951856,0.00958751719394773,0.003292159559834938,-0.0006088033012379643,0.041620323246217325,0.002216643741403026,-0.00041237964236588714,-0.00023057083906464923,0.0011677785419532325,0.0,0.00029295048143053643,0.07163762035763414,0.0,0.0015898899587345255,0.0,0.009848865199449794,0.0024486588720770293,0.023523349381017883,0.004492434662998624,0.011888583218707019,-0.001575653370013755,0.0,0.00012420907840440167,0.012992675378266847,0.0020837345254470425,0.01351681568088033,0.010564958734525454,0.0,0.004448658872077029
43,SenatorIsakson,Johnny Isakson,0.004147931954636424,0.018394396264176122,0.004138392261507672,0.04233008672448297,0.0,0.0,-0.00012048032021347566,-6.524349566377588e-05,0.006384456304202802,0.0,0.007899166110740492,0.008816277518345563,0.0005724816544362909,0.0,0.02382471647765175,0.00012525016677785193,-0.0001695797198132088,-0.0002720813875917278,0.0023473649099399604,0.0,0.0,0.0772152434956638,-0.0007019679786524351,0.0010690460306871249,0.0,0.0047722815210140095,0.0007791527685123416,0.01365290193462308,0.003011240827218145,0.013068612408272182,-0.0025533022014676454,0.0,0.0012320880587058038,0.0019401601067378252,0.004119579719813209,0.05895060040026685,0.038294062708472305,0.0,0.00902788525683789
44,SenatorLankford,Sen. James Lankford,0.002139894366197183,0.009205845070422535,0.0009040140845070423,0.006652042253521128,0.0,0.0006759154929577465,0.00014841549295774648,-0.0033326760563380294,0.0094162323943662,-0.0009198239436619718,0.0020342253521126764,0.001650387323943662,0.0010269366197183099,-0.000943169014084507,0.0033125000000000003,0.0047564436619718315,-0.0013066197183098593,0.00388549295774648,0.0005140140845070422,0.0,0.0003447183098591549,0.031114612676056357,-0.00023697183098591538,0.0011453169014084507,0.002491161971830986,0.0009310211267605635,0.0006095422535211268,0.01853661971830987,0.003446866197183099,0.004639154929577466,-0.014133274647887327,0.0,0.003079894366197183,0.0005332394366197183,0.004422605633802816,0.004377394366197183,0.010701619718309859,0.00028961267605633805,0.0058830985915492955
45,SenatorLeahy,Sen. Patrick Leahy,-0.0020838993710691825,0.01145761006289308,-0.00021591194968553486,0.005289748427672954,-0.0005283018867924528,0.0009816037735849057,0.00023257861635220126,0.0003777672955974843,0.00049,-0.0007508805031446541,0.00239751572327044,0.0027377987421383643,0.0006307547169811322,-0.004644968553459119,0.0038717924528301893,0.0018157547169811326,-0.0013349685534591194,0.00033786163522012586,0.00177811320754717,-0.0006440251572327044,0.0008283962264150943,0.030189213836478,0.0007195597484276729,0.0005771698113207546,0.0,0.002181069182389937,0.0006934591194968552,0.007307767295597483,-0.0022056289308176103,0.0004283962264150936,-0.0029035849056603777,-0.0019169496855345914,-0.007480408805031443,0.0006160377358490567,0.0015612264150943397,0.0020121069182389936,0.005075974842767295,0.0,0.005628081761006291
46,SenatorMenendez,Senator Bob Menendez,-0.004780798274002158,-0.0004026249550521409,-0.001229953254225099,0.016489284430061125,-0.0004484358144552319,0.0003087738223660554,4.696152463142754e-05,-0.0016373247033441205,-0.0013482919813016905,-0.0006245595109672779,-0.0005834951456310679,0.002826968716289105,0.0005481841064365336,-0.005906220783890685,0.009292592592592588,0.0012865156418554466,-0.0006048903272204243,0.0003680330816253147,0.002874433656957929,-0.000774145990650845,0.0005505573534699748,0.021301330456670257,-0.00033074433656957934,0.00021226177633944623,-5.465659834591866e-05,0.002032470334412082,0.002318698309960446,0.008250845019777058,-0.006129198130169002,0.0015243078029485789,-0.0017265731751168643,-0.0006619920891765553,-0.017082560230133038,0.004217763394462423,0.003419489392304926,0.0013934915498022295,0.008030240920532181,-0.0005978425026968717,0.006161992089176556
47,SenatorRisch,Jim Risch,0.0010662921348314606,0.023681861958266454,-0.0004934991974317818,0.007111958266452648,0.0,0.0017674959871589087,0.0,0.0001259229534510433,0.00348322632423756,0.0,0.004913402889245586,0.0012508828250401285,0.0010947030497592295,-0.00011468699839486359,0.00540561797752809,-0.0009102728731942214,0.0,-0.00035152487961476723,0.0021131621187800965,0.0004087479935794542,0.0,0.04417439807383627,0.0005025682182985556,0.002879373996789727,0.0,0.002426003210272873,0.0,0.00883892455858748,0.0010439004815409308,0.005079454253611558,-0.008190770465489567,-0.00021926163723916533,0.003161637239165329,0.0023519261637239166,0.002848314606741573,0.004334430176565008,0.025382985553772067,0.0,0.012685714285714288
48,SenatorRounds,Senator Mike Rounds,0.0015898582816651905,0.019661558901682894,0.001150575730735164,0.020856465899025692,7.958370239149693e-05,0.0010853410097431354,-7.87865367581931e-05,-0.00029548272807794506,0.002418556244464128,0.0,0.008988751107174493,0.0024000885739592563,0.0016858724534986713,-0.00015057573073516388,0.01703348095659876,0.00011598759964570422,0.0,0.001644641275465013,0.0,0.0003838352524357839,0.0004316651904340124,0.04016669619131976,0.0019119131975199291,6.191319751992915e-05,0.0,0.0012665633303808681,0.0009820194862710362,0.008234012400354294,0.002950487156775908,0.005097785651018601,-0.0015327723649247124,0.0,0.0021176705048715676,0.004828210806023029,0.0016033658104517273,0.01070925597874225,0.022206377325066425,0.0,0.005749822852081488
49,SenatorShaheen,Sen. Jeanne Shaheen,-0.00030388453314326454,0.004769101924447612,0.0006466143977191732,0.014378510334996434,0.0016209194583036355,0.0,-0.0001287241625089095,-0.000452280826799715,0.00549365645046329,0.000527263007840342,0.00844265858873842,0.002659550962223806,0.0015116179615110477,-0.0016534212401995722,0.00855377761938703,-0.0010786885245901642,-0.000939272986457591,-0.0002866714183891661,0.0005522808267997149,-0.000529472558802566,0.0,0.051743406985032096,0.0005436920883820385,0.001277655024946543,0.0,0.003119529579472558,0.000285816108339273,0.007879579472558802,-0.0005611546685673554,0.0024761582323592304,-0.005185531004989309,-0.00019144689950106915,-0.005856878118317889,0.0007143620812544548,0.001061974340698503,0.004724590163934427,0.014371917320028514,-0.0004981824661439772,0.016922238061297223
50,SenatorTester,Senator Jon Tester,-0.0007484956324813976,0.0374958265933355,0.0020462956971853768,0.033837463604011644,0.0005720155289550308,0.0,0.0001597864768683274,-0.001663151083791653,0.003408055645422194,-0.0004770300873503721,0.006511711420252346,0.005448689744419284,0.00029230022646392753,-0.00042811387900355884,0.01925082497573601,-0.00011167906826269815,0.0,0.00012950501455839534,0.0015448075056615984,0.0002252345519249434,0.0001597864768683274,0.04204312520219992,3.917825946295697e-05,0.0008812681979941767,0.0,0.0007880944678097704,-2.6334519572953745e-05,0.006810093820769977,0.0033469750889679717,0.00161546425105144,-0.0008225816887738596,0.0,0.0011198317696538337,0.0009064703979294727,0.0021214170171465546,0.025398058880621154,0.018934746036881268,0.0,0.009938854739566481
51,SenatorTimScott,Tim Scott,0.0003877186719028918,0.007453266690467691,-3.8200642627632986e-05,0.006980007140307034,0.0,0.0014353802213495181,0.0,-0.0005770796144234201,0.0019491967154587652,-0.0004099964298464834,0.004960085683684399,0.00709585862192074,0.0003928953945019636,0.0,0.003619564441270975,0.0009067832916815423,-0.0014366654766154946,0.00011278114958943236,0.0003091038914673331,0.0,0.0,0.03997850767583004,-0.001572866833273831,0.0016822920385576579,0.0,0.00020917529453766512,0.0005777579435915745,0.0017359157443770084,-0.0017711531595858622,0.014203463048911102,-0.0067866476258479115,0.0,-7.1760085683684425e-06,0.0007084255622991788,0.0029915030346304894,0.009742841842199215,0.012068618350589063,0.0,0.009812923955730097
52,SenatorTomUdall,Tom Udall,-0.0036418697829716197,0.004417696160267115,0.001405208681135226,0.02524130217028381,-0.0009162604340567611,-0.00026958263772954927,0.0006489482470784641,-0.0004013689482470784,0.0067161602671118505,-0.000528881469115192,0.012708681135225377,0.006799699499165275,-0.0009963272120200335,-0.0031994323873121874,0.020486744574290484,-1.926544240400656e-05,-0.0034143906510851413,0.000694023372287145,0.004984874791318866,0.0007956260434056761,0.0,0.03182086811352257,0.00044908180300500835,0.0016668781302170287,0.0005835058430717863,0.0017549916527545908,0.0037314190317195325,0.005510918196994992,-0.0027628046744574294,0.004651318864774624,-0.0014918530884808013,6.888146911519198e-05,-0.007414524207011684,5.816360601001672e-05,0.001129449081803005,0.007849282136894824,0.0035900166944908165,0.0,0.00786253756260434
53,SenatorWicker,Senator Roger Wicker,0.00038743976871185356,0.027029521362030177,0.0011037263090266625,0.01121220687439769,-0.00025711532283970444,0.0012923225184709283,-0.0003223257308062962,-0.0005244779955027305,0.003888017989078061,-0.00012264696434307742,0.0077691294571153235,0.0022538708641182143,0.0003533568904593639,-0.00022338580147767428,0.010220205589463542,-0.0011566334725345326,-0.0016210407966591712,8.348859620944427e-05,0.000996048827497591,8.030838419531e-05,0.0002335046578862833,0.04550343719884353,-0.002437616447157083,0.00217722454224221,0.0,0.0018880179890780598,0.001209026662383553,0.007804465146161259,-0.001487182781882429,0.004987761002248636,-0.004536203019595245,0.0,0.00240632830067459,0.0005029232251847093,0.0026966591712174748,0.005218824285255381,0.029548409893992916,0.00016919370382267906,0.005172438162544171
54,SenBennetCO,Michael Bennet,0.0022089824561403507,0.020307438596491235,0.0011498947368421054,0.025640385964912273,0.001146561403508772,0.0,0.00012470175438596492,-0.0008919298245614036,0.005958491228070178,0.0,0.011934807017543866,0.00692540350877193,0.0032634385964912275,-0.0012696491228070175,0.018886315789473678,0.00042740350877192983,-0.0005678947368421052,0.0042920350877192984,0.00042224561403508766,-0.000392561403508772,0.00043908771929824565,0.04073403508771932,0.0007797543859649124,0.0006361754385964912,2.0385964912280697e-05,0.004779719298245613,6.912280701754386e-05,0.0036965263157894743,-0.0011047719298245614,0.0031209824561403516,-0.0015053333333333336,-0.0005855438596491228,-0.000679298245614035,0.0020801754385964912,0.0017236140350877192,0.005677894736842105,0.01140575438596491,0.00029466666666666666,0.0053447368421052615
55,SenBillNelson,Senator Bill Nelson,-0.006148100358422938,0.0030356989247311826,0.0018334050179211472,0.013250107526881721,-0.00027885304659498245,0.0,-0.0006594982078853047,0.0007643727598566309,-0.004278637992831542,0.0,0.0036086738351254477,0.0013050179211469533,0.0018890322580645163,-0.008429964157706095,0.005493978494623656,0.002423010752688172,0.0,0.00015806451612903225,0.00017921146953405018,0.0,-2.0573476702509004e-05,0.013008100358422932,0.0020478853046594983,-0.00012107526881720434,0.0,0.001565232974910394,0.0,0.008103799283154122,-0.004122795698924731,0.0010513978494623656,-0.0030519713261648747,0.0,-0.004787598566308245,0.0006104659498207886,0.004337706093189964,0.00630437275985663,0.009571899641577064,-0.0009487455197132618,0.010556774193548387
56,SenBlumenthal,Richard Blumenthal,-0.005095081967213114,-0.0006728002676480426,-0.0012149548343927733,0.0066350284376045475,-0.00032121110739377715,0.00024857811977249916,2.9508196721311495e-05,-0.0009269989963198395,-0.015344161927065916,-0.0002617263298762127,0.0004656072264971562,0.0017367346938775509,0.00035925058548009364,-0.023079759116761463,-0.0011041150886584152,-0.005443860823017731,-0.0028330879892940783,-0.0012490465038474405,0.002441251254600201,-0.0014556373369019736,0.0,-0.0013651722984275685,0.0,-0.000868317162930746,-0.00012084309133489463,-7.059217129474742e-05,-0.0006984944797591169,0.002687052525928404,-0.006637403813984611,-0.0006996654399464703,-0.0029226497156239544,0.0,-0.029017029106724646,0.0007295416527266645,0.0022865506858481097,0.005250317832050852,-0.004496252927400467,0.00022040816326530615,0.0026829039812646363
57,SenBobCasey,Senator Bob Casey,-0.0031745705750560113,0.005731030619865572,-0.0023653472740851385,0.0393865197908887,0.0005827483196415235,0.0,-0.000466504854368932,-0.00018693054518297234,0.0007955190440627335,3.4876773711725184e-05,0.0006258028379387602,0.0013322255414488424,0.0004636669156086631,-0.006914152352501865,0.028898767737117248,-0.0011179985063480208,-0.0007076549663928304,-2.1807318894697537e-05,0.0031815907393577293,-0.00040365944734876774,0.0,0.017948058252427197,-0.0020108289768483944,0.00032176997759522034,5.7169529499626593e-05,0.0006907020164301717,0.002247498132935026,0.002688909634055265,-0.0038954817027632557,0.003822815533980584,-0.00573722927557879,-0.0004887976101568334,-0.0004758775205377143,0.0019993651979088875,0.0020310306198655713,0.0016756908140403283,0.0026460418222554144,0.0002137042569081404,0.0014466766243465272
58,SenCapito,Shelley Moore Capito,0.003448207579378627,0.030499283031751447,0.0007617958347558894,0.0235291908501195,0.0003090474564697849,0.0002390918402185046,0.00021744622738135882,-0.00020720382383065893,0.009758142710822808,0.0008978832365995219,0.017957289177193577,0.007935302150904745,0.0013220894503243427,-0.00011608057357459884,0.01814752475247525,0.0004185728917719358,-8.569477637418919e-06,0.0,0.00017432570843291226,0.0,0.00030839877091157393,0.08780095595766471,0.00031717309662000683,0.001977603277569136,0.0,0.007785524069648344,0.001284602253328781,0.007294434960737452,0.00472045066575623,0.011415739160122913,-0.0010796176169341073,0.0,0.0008331512461590987,5.6538067599863444e-05,0.0008208945032434278,0.005577057016046432,0.0321581427108228,0.0,0.014561864117446222
59,SenCortezMasto,Senator Cortez Masto,-0.002322982635342186,0.0029280217909431394,-0.00017136533878106907,0.02778716377255702,0.0002851549199863807,0.0,0.0,-0.00012757916241062307,0.004387504256043583,-0.00021018045624787197,0.008133810010214506,0.0039,0.0019650323459312223,-0.010635989104528426,0.01758389513108615,-0.0027151174668028602,-0.000467551923731699,0.00012427647259107919,0.004370037453183521,4.3105209397344206e-05,0.00020851208716377256,0.04943714674838273,-0.00026275110657133133,0.0009993871297242082,0.00029366700715015325,0.000351242764725911,0.0030245829077289754,0.004247463398025196,-0.0005998297582567248,0.0015846441947565547,-0.0019576438542730674,-0.0010614913176710931,-0.009825706503234593,0.001922982635342186,0.0018864147088866192,0.004659993190330268,0.011861933946203605,-0.00031161048689138575,0.009291862444671426
60,SenCoryGardner,Cory Gardner,-0.0021152144772117964,0.014559550938337804,0.001266823056300268,0.009952446380697056,0.0,7.238605898123328e-05,0.0,-0.001009684986595174,0.004865013404825739,0.0003173927613941019,0.004202312332439678,0.0030336126005361935,0.0007524463806970511,-0.0002564343163538874,0.004851575067024128,-0.0008257372654155496,-0.0013850871313672922,0.000550804289544236,0.0004321045576407507,0.0,0.0,0.03692731233243966,-0.0038369302949061664,0.000832774798927614,0.00030834450402144773,0.0034857238605898113,0.00023780160857908849,0.009039343163538875,0.0005536193029490618,0.006756367292225204,-0.01437124664879356,-0.0012973525469168901,0.00029681635388739935,0.0019017426273458446,0.00722871983914209,0.007841085790884718,0.01660857908847185,0.0,0.008462935656836462
61,SenDanSullivan,SenDanSullivan,-8.588235294117659e-05,0.005548970588235295,6.6666666666666675e-06,0.008866568627450984,0.00021588235294117648,8.720588235294118e-05,0.0,-5.44117647058824e-05,0.002991960784313727,-0.0004591666666666667,0.004762892156862745,0.0006088235294117647,0.0016991176470588234,-0.0001666666666666667,0.005529068627450981,-0.00036666666666666667,-0.0008800490196078432,0.0012457843137254905,0.0033186274509803926,-0.0002314705882352941,0.0,0.04990004901960785,0.002012794117647059,0.00037789215686274513,-0.0003386274509803921,0.0013584803921568628,0.0007266176470588237,0.007083823529411765,0.000568872549019608,0.0012492156862745102,-0.0074661764705882365,0.0,0.0013924509803921567,0.001925392156862745,0.0034412254901960786,0.00639779411764706,0.02095529411764706,0.0,0.009410392156862749
62,sendavidperdue,David Perdue,0.0014042847025495752,0.005723937677053825,-0.0046185552407931995,0.008547521246458927,0.0003113668555240793,0.0012826487252124645,0.0,-0.006845750708215298,0.003410481586402266,0.00040555949008498583,0.006688916430594903,0.003262322946175638,-0.00019203257790368272,0.0,0.005186189801699716,-0.00032538951841359773,-0.0014060552407932007,0.0036619334277620402,0.0012575070821529745,0.0,0.0,0.025896388101983,-0.0014502124645892356,0.0001631373937677054,-7.163597733711048e-05,0.0007116855524079321,0.00034844192634560906,0.005591536827195468,-0.002433073654390934,0.01104801699716714,-0.008802053824362607,-0.00028774787535410765,0.004830771954674222,0.0006996104815864023,0.006200460339943345,0.005332294617563739,0.008489943342776205,0.0,0.005677372521246458
63,SenDeanHeller,Dean Heller,0.0021917687715991203,0.038049198868991545,1.6650958215520035e-06,0.02975161797046811,0.0,0.0009628023876845741,0.0,0.001569368520263902,0.004543763744894754,0.0,0.005207697141061893,0.004557901350926799,0.0008915174363807729,-0.0001676091737354697,0.02017251021049325,0.000810210493245366,-0.00018598806157712848,0.001390512095507383,0.0,0.0,0.00014932453660069118,0.06668394596292802,0.0007552623311341502,0.0008100848256361923,0.0,0.0019837574615142943,0.0011574300973923972,0.007749607288721334,0.005280144517750554,0.011542130065975488,-0.0019159597863650643,0.0,0.0003364750235626767,0.0005927426955702168,0.002046465598491988,0.02728595664467484,0.03830172792962613,0.0,0.010849670122525919
64,SenDonnelly,Senator Joe Donnelly,0.0015959089292066871,0.016988367129135522,0.0002384560654571327,0.026721771611526154,0.0,0.0,0.0,0.0002552472429740306,-0.0019742440412664508,0.0,0.002704873710423337,0.003023408039843472,0.0005644254713625045,0.0001426538598363572,0.026877979366773382,0.00016794734969761648,0.0001823550337958022,-0.00010455353966559943,0.0005488082532906439,0.0,0.0,0.04411789398790466,0.00014994663820704375,0.0,0.0,0.0034383493418712204,0.0010542511561721808,0.004453930985414443,-0.00019405905371753805,0.00351092138029171,-0.0015209533973674846,0.0,0.00029978655282817513,0.0047215225898256845,0.0015056919245819993,0.015703023834934184,0.018765101387406592,0.0,0.006392991817858414
65,SenDougJones,Doug Jones,-0.0009491949910554561,0.03918425760286226,-0.0004472271914132379,0.05460125223613596,0.0,0.0,0.0,0.0,0.01510518783542039,-0.0006082289803220036,0.017623792486583186,0.01868640429338104,0.0016590339892665474,-5.885509838998258e-05,0.05948694096601073,0.0015974955277280858,0.0,0.0,0.0012681574239713773,0.0012851520572450805,0.0,0.07619266547406083,0.0,0.0,0.0,0.005804830053667263,0.0,0.00861860465116279,0.010105545617173523,0.005737745974955277,0.0,0.0,0.0,0.0039994633273703045,0.007252951699463326,0.007676744186046511,0.03905617173524149,0.0016872987477638641,0.012425939177101967
66,SenDuckworth,Tammy Duckworth,-0.004857295934446895,0.010798959974787269,0.00018572329026158218,0.02341648282382604,0.000446044752600063,-0.00022070595650803656,-0.0004946422943586511,0.001012102111566341,-0.0007900094547746612,-0.00013532934131736527,0.006784494169555623,0.0033000630318310744,0.0011358020800504255,-0.004541695556255909,0.013512448786637252,-0.0021211156634100216,-0.002205546801134573,0.00045181216514339733,0.002416640403403719,0.0006135833595965962,0.0,0.025142641033722032,0.0004211156634100221,0.00047510242672549633,-0.00022070595650803656,0.0011115663410022063,0.0007312637882130476,0.003635455404979515,-0.0028384494169555637,0.0023495745351402456,-0.00339335014182162,-0.004934635991175544,-0.013031641979199485,0.002592215568862276,0.0005142136779073432,0.008090104002521276,0.006809486290576735,-0.0001101166088874882,0.008987740308855975
67,SenFeinstein,Sen Dianne Feinstein,-0.005866404282115869,-0.005873425692695223,-0.0006690806045340051,0.04557156801007553,0.0009715994962216625,0.000360044080604534,-7.871536523929471e-05,-0.00016350755667506284,-0.002621221662468513,-0.0014429785894206548,0.0013473236775818642,0.002883627204030227,0.0008952770780856424,-0.01610040931989925,0.029413507556675034,-0.0056022040302267,-0.0014076511335012593,-0.0009164042821158686,0.0007911838790931988,-0.0026571473551637277,0.0007806675062972293,0.018801164987405534,2.4874055415617125e-05,0.0013445528967254408,-5.437657430730477e-05,-0.0014693010075566748,0.005024118387909322,0.00048652392947103236,-0.006492506297229218,0.0025124055415617153,-0.004737625944584383,-0.005178431989924432,-0.013042285894206555,0.00029074307304785893,0.002615050377833753,0.002168261964735516,-0.010438066750629723,-0.00010733627204030228,0.009525503778337534
68,SenGaryPeters,Senator Gary Peters,0.000643527787366241,0.033369416637901265,-0.0001812909906800136,0.027992889195719704,0.0004984811874352779,-0.00022771832930617878,0.0,-0.0006119433897134968,0.01033448394891267,-6.175353814290646e-05,0.01415533310321021,0.008319571971004486,0.003730376251294443,-0.0007400069036934759,0.024360648947186734,-0.00036637901277183297,0.0,0.0,0.0017996548153261993,0.0002684501208146358,0.0005599585778391439,0.060967034863652014,0.0004888160165688644,0.0018638936831204694,0.0,0.010249568519157747,0.0009704867103900587,0.008363962720055225,0.005894028305143252,0.0055483258543320675,-0.0018169140490162238,-0.00010217466344494304,-0.0006630307214359684,0.0022032447359337246,0.0022811874352778737,0.00989813600276148,0.02109920607525027,0.0001454953400069037,0.011462858129099064
69,SenGillibrand,Kirsten Gillibrand,-0.008303920243325451,-0.0032401486988847595,-0.0012868874619803986,0.029891247042919906,-0.0018141263940520444,0.00037421426157485633,0.0005888475836431226,-0.0011084150050692802,0.0072434268333896575,-0.0004298073673538357,0.004444542075025347,0.004441061169313957,0.0011186887461980398,-0.008631057789793848,0.021282696857046292,-0.0032262588712402844,-0.00018364312267657988,-0.00041459952686718484,0.0007809057113889828,0.00028212233862791476,-0.0001725582967218655,0.026948191956742147,0.0011655288948969247,-0.0004881716796214937,-0.00022659682325109834,0.00041284217641094967,0.0030768502872592094,0.001740993578911794,-0.006498580601554577,-0.0019416356877323421,-0.0014610341331530922,-0.0009684014869888476,-0.005700405542412977,0.0031910442717134166,0.0008480567759378167,0.0006951672862453532,0.007450523825616766,-0.00029324095978371074,0.030350861777627563
70,SenHydeSmith,U.S. Senator Cindy Hyde-Smith,-0.0015672597864768683,0.04942135231316725,0.005741637010676156,0.025315658362989324,0.0,0.012488256227758007,0.0,0.0,0.009027758007117437,0.0,0.025066903914590752,0.006174377224199288,0.002586832740213523,-0.001503914590747331,0.01593096085409253,0.0,0.0,-0.0016327402135231316,0.003081494661921708,0.0,0.0,0.1277419928825623,0.001877935943060498,0.005840925266903914,0.0,0.005981850533807829,0.0031701067615658362,0.017437366548042708,-0.004462277580071175,0.011172241992882564,-0.0006946619217081852,0.0,0.001993238434163701,0.0,0.007525266903914592,0.008743416370106762,0.07972918149466192,0.0,0.0259288256227758
71,SenJackReed,Senator Jack Reed,0.0006246644295302014,0.01163241610738255,0.0016510738255033554,0.014864765100671138,0.0005696644295302014,-0.00017134228187919466,0.0,-0.00015013422818791947,0.005346040268456375,-0.000308255033557047,0.006395939597315437,0.009750067114093958,0.003569966442953021,-0.002364093959731543,0.013399563758389263,0.0013490604026845637,0.0,0.0005975838926174495,0.0028663087248322144,-0.0001393959731543624,0.0003019798657718121,0.06311308724832215,0.0005671140939597316,0.0004101677852348993,-9.167785234899329e-05,0.0038771812080536927,0.0021258053691275173,0.013947684563758393,0.0018645973154362415,0.006008322147651009,-0.0036280201342281876,-0.00011409395973154363,0.003674697986577182,0.0027568456375838928,0.0007616442953020135,0.003078288590604027,0.033112986577181196,0.0,0.014109597315436246
72,SenJeffMerkley,Senator Jeff Merkley,-0.004944505094614267,6.273653566229949e-05,-3.893740902474599e-06,0.028104912663755446,-0.01315913391557496,0.0,0.000600618631732169,-1.834061135371178e-05,0.0024065502183406116,-0.00031582969432314407,0.00042547307132459954,0.0026557860262008733,-0.0003192503639010188,-0.0012292940320232895,0.01625691411935953,-0.0021423216885007273,-0.0004146288209606987,-0.0015176128093158663,0.0009708879184861718,0.00010498544395924309,0.0004876637554585153,0.010396761280931584,-4.767103347889293e-06,0.00021513828238719062,0.0004787845705967977,0.0009554221251819505,0.008978566229985446,0.0007755094614264917,-0.0056377365356623,0.0017573871906841345,-0.001878675400291121,-0.000631259097525473,-0.01392791120815138,0.003059788937409025,0.0013285298398835515,0.0013715065502183405,0.00233617176128093,0.0003857714701601165,0.002373762736535662
73,SenJohnBarrasso,Sen. John Barrasso,1.7610921501706327e-05,0.019805119453924915,-5.245733788395903e-05,0.010776928327645052,-0.0006474402730375425,0.00029965870307167234,0.00014385665529010239,-0.0008063481228668943,0.0009457337883959044,-0.00012266211604095565,0.004711467576791809,0.0008703412969283275,0.0010362798634812286,-0.00037982935153583623,0.0144224914675768,0.0,-0.0008774402730375426,0.00016460750853242322,0.0010142320819112628,0.00019187713310580206,0.0,0.02785382252559725,-0.007913447098976107,-0.0008706825938566549,-4.3686006825938565e-05,0.00021327645051194539,0.0006357679180887372,0.008289044368600682,-0.003227610921501706,0.0049034812286689435,-0.0015469624573378842,0.0,0.0017149829351535836,0.00044177474402730377,0.001455358361774744,0.004120784982935154,0.009881569965870309,0.0,0.0028723208191126282
74,SenJohnHoeven,Senator John Hoeven,0.0026293867422899683,0.023139205955334998,0.0016162708259482453,0.029395037220843672,0.000767741935483871,0.0,0.0,0.0003604750088621057,0.0016028713222261616,0.0,0.009995746189294578,0.006731619992910314,0.003922970577809287,0.0006003190358029067,0.021076958525345624,0.0006101736972704714,-0.00014342431761786602,0.0,0.00046331088266572136,0.0,0.0,0.07167352002835872,-0.0002361928394186459,0.0003090393477490252,0.0,0.007965863169088976,0.0028387805742644454,0.0074831619992910305,0.007394186458702589,0.003992236795462601,-0.00037451258419000347,0.0,0.00023736263736263735,0.003319425735554768,0.001895143566111308,0.007192520382842962,0.03621052818149592,0.0,0.012170187876639491
75,SenJohnKennedy,John Kennedy,0.0004122109158186865,0.013561147086031455,-0.00023071230342275683,0.010380481036077705,0.0,0.0,-0.0003531914893617021,0.00016456984273820538,0.00315263644773358,0.00042081406105457913,0.008852173913043479,0.0028980573543015728,0.00016456984273820538,-0.0016061054579093433,0.005199537465309898,0.004121646623496762,0.0,0.0010962072155411657,0.0,-0.0005130434782608695,0.0,0.03697576318223864,0.00019074930619796484,0.0012333950046253467,0.0,0.0006647548566142459,0.0,0.0013890841813135985,-0.0024019426456984277,0.0068050878815911165,-0.002027289546716004,0.0,0.00492405180388529,0.0036934320074005545,0.008221184088806661,0.0033325624421831636,0.011229879740980575,0.0006281221091581869,0.009358834412580945
76,SenJohnThune,Senator John Thune,0.0009724406889827753,0.01967390315242119,-6.174845628859284e-06,0.012159993500162494,0.00043688657783555414,0.0003771530711732206,0.0,-7.045823854403638e-05,0.0031756906077348075,0.000587195320116997,0.009180825479363018,0.0008759181020474488,0.00016620084497887555,0.0,0.010942801429964248,9.684757881053036e-06,-7.201819954501137e-05,0.000542183945401365,0.0004499512512187196,0.0,0.0,0.04039207019824504,-0.0013377640558986021,0.0006909002274943127,0.0,0.0012986675333116673,0.0,0.007525901852453687,0.01035173870653234,0.011688787780305493,-0.0003820279493012675,0.0,0.0009008774780630485,0.0009572960675983099,0.0037991550211244713,0.006710854728631784,0.02986691582710433,0.0,0.004983197920051998
77,SenJonKyl,U.S. Senator Jon Kyl,-0.010510958904109588,0.000900684931506849,-0.003497260273972603,0.02518835616438356,0.0,0.0,0.0,-0.008377397260273972,0.004550684931506847,0.0,-0.009181506849315069,0.0,0.0,0.0,0.022857534246575342,-0.003817808219178082,0.0,-0.005200684931506849,0.0,0.0,0.0,-0.008226027397260274,-0.0135013698630137,0.0,0.0,0.0,0.0,0.030599315068493147,0.0,-0.003881506849315068,-0.0179041095890411,0.0,0.0,0.0018712328767123288,0.0,0.0,-0.004105479452054795,0.0,0.0
78,SenKamalaHarris,Kamala Harris,-0.0050963369963369955,0.003837774725274726,-0.0004991300366300364,0.02677065018315019,-0.0002911172161172162,6.529304029304027e-05,-0.00032893772893772893,-0.0005448717948717948,0.002207417582417582,0.00045467032967032967,0.0005148351648351649,0.0012209706959706958,0.0015494505494505495,-0.005137316849816849,0.024587408424908426,-0.0010597985347985347,-0.0006682234432234431,0.00021153846153846152,0.0014829212454212455,-5.4990842490842485e-05,0.001770879120879121,0.011891620879120879,0.0006099358974358974,0.0006301739926739928,-0.00025503663003663,-0.0005207417582417582,0.0009492216117216118,0.0005815476190476191,-0.0020129120879120877,0.00012582417582417634,-0.001075412087912088,-0.00013891941391941395,-0.011242857142857143,0.0006530219780219781,0.007096703296703296,0.0010719322344322343,-0.00259010989010989,0.0005533882783882784,0.00544848901098901
79,SenMarkey,Ed Markey,-0.00396,-0.0017953385826771661,-0.0015038740157480314,0.00947124409448819,0.003572094488188977,0.00028381102362204727,-0.0005288818897637796,-0.00025625196850393697,0.001251590551181102,-0.0003475905511811024,0.00480340157480315,0.004007748031496064,0.0006040944881889763,-0.009933133858267718,0.004643023622047245,-0.004367181102362205,-0.0005216377952755906,0.0010004409448818898,0.004784850393700787,-0.00011634645669291337,0.00017555905511811023,0.0036906456692913344,-0.00017933858267716533,0.00022733858267716533,-0.00010907086614173228,-0.0016588346456692911,0.0012262992125984251,0.004568976377952757,-0.0044418897637795276,0.0011320944881889764,-0.001364031496062992,-0.0012015433070866142,-0.016566960629921256,0.0002235905511811023,0.0030550236220472445,0.0006388031496062992,-0.011473606299212584,0.0,0.0002735748031496063
80,SenMikeLee,Mike Lee,-0.0002589569160997733,0.004624586977648203,0.0013144476838354386,0.006046906381600258,0.0010000647878198898,0.003894395853579527,0.0,-0.00157207644962747,0.0006414318108195658,9.799157758341433e-05,0.0006021379980563654,0.004596371882086168,0.0004632977000323938,-0.0008702623906705536,0.004626757369614513,0.00033799805636540334,-0.0015894071914480078,-0.0005484612892776158,0.0010528668610301263,0.0,0.00032523485584710075,0.017431454486556527,0.00065341755749919,0.00029355361192095884,0.00018966634272756723,0.00018979591836734694,0.0009385487528344672,0.002779494655004859,-0.001979008746355685,0.005716909620991252,-0.00069763524457402,0.0,0.0018603498542274052,0.0007944606413994168,0.0033751214771622936,0.002527081308713962,0.0040816002591512815,-0.0002099773242630386,0.0016397797214123746
81,senorrinhatch,Senator Hatch Office,0.0005983606557377047,0.013680930076948808,0.0013738708598193378,0.00830541987286718,0.0,0.0016050518568082972,0.0,0.0005051187688190031,-0.0025224824355971898,0.00016002007360321188,0.0017340582134493146,0.0010459685513549682,0.0016054533288725327,0.0010360655737704917,0.00257096018735363,0.0013295416527266644,-0.0003352626296420207,0.0019412847106055537,0.00035640682502509206,0.0,0.0,0.023268183338909346,-0.0006713282034125126,0.00047029106724657074,0.0007386416861826699,0.0013217464034794245,0.0007763131482101037,0.0027041485446637667,-0.012885547005687517,0.0032576781532285036,-0.0006379391100702576,-0.00024459685513549684,0.005024289059886248,0.0004228839076614252,0.010699063231850117,0.0038582803613248576,0.00857520910003346,0.0002963532954165273,0.0023603546336567415
82,SenPatRoberts,Senator Pat Roberts,0.00023220469411312048,0.02609630627164293,0.0013171989226625626,0.015212966525586763,0.0,0.001091958445555983,0.0,0.0,0.0013535205848403233,0.0003232781839168911,0.005739823008849556,0.0023940361677568297,0.0009467102731819931,0.00019595998460946517,0.012355675259715279,0.0,-0.0005358599461331282,-0.00010692574066948826,0.00015463639861485186,0.0,0.0,0.04364290111581376,0.0002203539823008849,0.0009437860715659868,0.0,0.00455232781839169,0.0022547133512889573,0.005648672566371682,0.002843632166217776,0.006597768372450941,-0.0035764909580607925,0.0,0.0033682570219315112,0.0007657175836860331,0.0031637937668333974,0.007799384378607157,0.03183266641015778,0.0,0.006452943439784533
83,senrobportman,Rob Portman,0.002883548850574713,0.04453782327586207,0.0019346623563218394,0.019581357758620698,0.000303125,0.0,0.00044012212643678155,0.0008619252873563218,0.008925897988505745,-0.00033538074712643676,0.01918545258620689,0.004885201149425287,0.003942456896551723,0.000733117816091954,0.01100941091954023,0.0020716235632183906,-0.0014565732758620694,0.002153125,0.0014595186781609195,0.0,0.0,0.10234195402298855,0.0013528017241379309,0.002683764367816092,0.0,0.0012140445402298852,0.0006954382183908045,0.011484518678160919,0.005816954022988505,0.028407758620689647,-0.0030511853448275863,0.0,0.0015905172413793107,0.0006115660919540231,0.00508125,0.005444683908045978,0.035967959770114945,0.00015140086206896552,0.010214906609195403
84,SenRonJohnson,Senator Ron Johnson,0.002273670473083197,0.011609559543230015,0.0002720391517128875,0.0077908319738988555,0.0,2.2446982055464928e-05,0.0,0.0003068189233278956,0.0030545513866231653,-0.00010336052202283849,0.0010764763458401307,0.0007230995106035888,0.0,-0.00046675367047308323,0.007551419249592171,0.00027980424143556277,-0.0004767047308319739,0.001104535073409462,0.0005737683523654159,0.0,0.0,0.016404437194127243,-0.0005072104404567699,-0.00014463295269168022,0.0,0.0,0.0004941598694942905,0.011326035889070154,0.0017849592169657418,0.0019386296900489406,-0.00783510603588907,0.0,0.000732952691680261,0.0007366394779771615,0.0015794453507340946,0.003655138662316477,0.007627797716150077,0.0,0.0011301794453507342
85,SenSanders,Bernie Sanders,-0.003655586987270155,0.010617998585572847,-0.0024762376237623764,0.056254172560113155,-0.003459582743988685,0.0004370226308345119,-0.0006651343705799151,-0.0012763437057991514,0.0016559759547383301,-0.00045307637906647803,0.0024107496463932113,0.0012798797736916546,0.0011891796322489392,-0.0012509900990099012,0.04307379773691656,-0.00277535360678925,-0.002728217821782179,-7.602545968882619e-06,0.00224487270155587,-6.258840169731257e-05,0.0,-0.0003440240452616678,-0.0007973125884016973,-0.00031775106082036764,-0.00020314710042432815,-8.84016973125884e-05,0.005952227722772277,0.007041053748231965,-0.006293917963224893,0.006402050919377652,-0.0024431046676096184,-0.0006532178217821781,-0.011400070721357847,0.0031588755304101834,0.002698373408769448,0.0012310466760961814,-0.007074964639321072,0.0004179632248939179,0.0009090876944837339
86,SenSchumer,Chuck Schumer,0.0003557092312640725,0.012128626568028305,0.002169958185911869,0.02258044387262785,-0.0002812158250241235,0.0010401415246059829,0.00033779350273399806,-0.0003490511418462528,0.011188806690254103,-0.00032126085558057256,0.001945963332261177,0.000263171437761338,0.00011167577999356708,-0.003972853007397878,0.017897716307494368,-0.0003652299774847218,-0.0009195882920553232,0.0008038597619813446,0.004955516243165005,-1.8398198777742014e-05,0.000646027661627533,0.016975619170151172,2.9495014474107396e-05,0.001077098745577356,-4.4580250884528786e-05,0.0004820521067867483,0.005432293341910581,0.007769218398198777,-0.0031760373110324876,0.012426954004503063,-0.0025407526535863624,-0.00016580894178192348,0.0074836281762624595,0.001203763267931811,0.002057896429720167,0.003160887745255709,0.005761788356384693,4.351881633965906e-05,0.004812447732389836
87,SenShelby,Richard Shelby,0.0007583197831978324,0.023208184281842827,0.002412411924119241,0.006045853658536585,-0.0005920867208672087,0.0024152845528455282,0.0,0.002132520325203252,0.00514509485094851,-0.000685691056910569,0.005526991869918701,0.00399371273712737,0.001518482384823848,-0.0033622764227642277,0.00397880758807588,0.0032902439024390245,-0.003735176151761518,-0.0013724119241192412,0.0012614634146341462,0.00030997289972899724,0.0,0.05417983739837399,-0.004577777777777777,0.00026384823848238484,0.0,0.0054841192411924115,0.002027642276422764,0.008319132791327913,0.010027479674796747,0.005758319783197831,-0.009583739837398374,0.0,0.003511978319783198,0.001290569105691057,0.009040216802168021,0.006784552845528456,0.047682493224932246,0.0006140379403794038,0.007456964769647698
88,SenSherrodBrown,Sherrod Brown,0.00022433472266752158,0.010843058672651493,0.00030439243347226677,0.01401458800897724,-0.000505546649567169,0.00010900929785187561,0.0,-0.0016234049374799614,0.001349342738057069,-0.0003000961846745752,0.006661942930426417,0.0014926579031740944,0.001060500160307791,-0.002317313241423533,0.010167136902853481,-0.0006316447579352356,0.00015896120551458796,0.00042516832318050657,0.0032598268675857645,0.001383808913113177,0.00014273805706957357,0.02680580314203271,0.0,0.00037409426098108364,-0.00023033023404937482,0.0005461365822378968,0.0024702468739980768,0.0023437960884899007,-0.0016751843539596022,0.003125232446296891,-0.002278550817569734,-0.00016149406861173455,-0.0005736133376082076,0.003456235973068293,0.0014351074062199422,0.006679159987175376,0.013614908624559151,0.00010849631292080794,0.004082847066367424
89,SenStabenow,Sen. Debbie Stabenow,0.0010010403120936282,0.018971684005201554,0.0033411573472041612,0.03572571521456434,0.0002791937581274382,0.0,0.0,-8.91417425227569e-05,0.003855884265279584,2.5097529258777636e-05,0.006467782834850456,0.002255786736020806,0.0005437256176853056,-0.0011297139141742522,0.03843871911573469,0.00025851755526658,-0.0007836475942782834,0.0,0.0010496749024707412,-0.000664661898569571,0.0,0.04919908972691805,0.00044769180754226267,0.00048387516254876463,0.0,0.0033750975292587775,0.0023485370611183356,0.001460370611183355,0.004927080624187254,0.011611638491547473,-0.0013515929778933678,-0.00026063068920676206,0.0027068270481144345,0.0014187256176853053,0.0002988946684005201,0.009990962288686608,0.031110338101430435,0.0,0.010603641092327698
90,SenTedCruz,Senator Ted Cruz,0.005187634595345606,0.01291771448419591,0.00019440778047933314,0.007555713789510248,0.0,0.00031549149010072936,-0.001144251476207016,0.0001625911774921848,0.004709899270580066,0.00019350468912816948,0.003637374088225078,0.005075164987843002,0.0021969086488364017,-0.0005854116012504342,0.007217749218478639,-0.001542375824939215,-0.0008458492532129212,0.000294859326154915,0.003419208058353595,0.00025807572073636677,0.0,0.07191135811045497,-0.001216325112886419,0.003018235498436957,0.0,0.0019019451198332756,0.0014379993053143456,0.011571483153872872,0.001819972212573811,0.00565262243834665,-0.015317645015630424,9.489406043765196e-05,0.004616915595692949,0.000880166724557138,0.013549218478638419,0.00562730114623133,0.015597082320250083,0.00015296978117401876,0.018803716568252866
91,SenThomTillis,Senator Thom Tillis,0.00037880625598467923,0.011640983083306735,0.0008109160548994576,0.01640820300031919,0.0,0.0006918927545483562,0.0,0.0005896584743057772,0.004183562081072456,-0.00022339610596872007,0.003682540695818704,0.0021037663581232047,0.00024356846473029046,-0.0001085221832109799,0.008768688158314716,0.0018926587934886688,-0.0002627513565272901,0.0015041812958825407,0.0004577082668368975,0.00022649218001915097,0.0,0.034506415576125125,-0.0010176508139163741,0.00022649218001915097,0.0002872965209064794,0.0020002234280242577,0.0010840408554101501,0.004666932652409831,0.00055745292052346,0.005033546121927864,-0.008266900734120649,0.0,0.0021754867539099903,0.0003859878710501118,0.006478870092563038,0.012380402170443663,0.014535556974146178,0.0,0.009097765719757425
92,SenTinaSmith,Senator Tina Smith,-0.0037808634772462085,0.045289731621936974,0.002720828471411902,0.058711901983663925,0.0026455075845974326,0.0,0.0,0.002233372228704784,0.003988739789964995,0.0012882147024504086,0.018060385064177367,0.010689323220536756,0.004592823803967328,-0.003310443407234539,0.035406301050175025,0.0012932905484247374,-0.0011993582263710618,-0.0004448074679113187,0.0029361143523920653,0.0004408984830805134,0.0,0.08542018669778295,0.0,0.0007942823803967328,0.0,0.0028504084014002334,0.0006557176196032671,0.004528413068844807,0.01289550758459744,0.0008343640606767794,-0.0004483080513418903,-0.0021810385064177365,-0.0037546091015169193,0.002024329054842474,0.0070330221703617255,0.010329288214702451,0.02793413068844807,0.0,0.021834422403733962
93,SenToddYoung,Senator Todd Young,0.00030781444582814453,0.018592123287671226,0.002954919053549191,0.014656133250311341,0.00030529265255292655,0.0006501245330012453,0.00016011830635118306,-0.0003039850560398506,0.006463480697384806,0.0,0.005578331257783313,0.004486892901618929,0.0008728829389788293,-0.00022979452054794523,0.0074522104607721035,-0.0029322229140722293,0.00018240971357409713,0.001159246575342466,0.0015321606475716067,0.0,0.0,0.036966843088418445,-0.0018472291407222914,0.0012114570361145703,0.0,0.0013165628891656286,0.0004922789539227896,0.012878113325031136,0.0036693026151930273,0.011002739726027402,-0.004835024906600249,0.0,-5.046699875466996e-05,0.0011560709838107097,0.003983935242839353,0.008840099626400996,0.020234277708592766,0.0002744084682440847,0.004605759651307597
94,SenTomCotton,Tom Cotton,0.0007916051040967092,0.0054415379449294825,0.00044241101410342506,0.007879919408999332,0.0,0.0009358629952988583,-0.0001714573539288113,-0.00023196776359973135,0.002203223640026865,0.0,0.0015877434519811955,0.002167662860980524,-0.0002620550705171256,-0.0005305910006715917,0.004381934184016118,0.0007399932840832774,-0.0004554398925453325,0.002086098052384151,0.0003078912021490934,0.0,0.0,0.028470416386836776,-0.0033246809939556786,0.0002807253190060443,0.0,0.0009747481531229013,0.0007256212222968434,0.013274042981867028,0.007480993955674946,0.003185795836131632,-0.007498925453324381,0.0,0.00483599731363331,0.0012897246474143722,0.0033613498992612497,0.00849882471457354,0.009142578912021491,0.0,0.002412693082605776
95,SenToomey,Senator Pat Toomey,-0.0007787713558705926,0.008735986913849511,0.0015689930934205743,0.011304580152671754,8.764085786986551e-05,0.0003936386768447837,0.0,-9.560159941839287e-06,0.0004520537986186839,-0.00013129770992366413,0.0034031624863685938,0.0014984732824427477,-0.00034718284260269,-0.001094547437295529,0.00825663395129044,-0.0007380225372591785,-0.0009762995274445655,-0.0008340239912758998,0.0002689567430025445,0.0,0.0,0.023564521992002933,-5.408942202835306e-05,0.00026423118865866955,0.0001469647400945111,0.001047946201381316,0.0001387858960378044,0.0017952380952380952,-0.0010997818974918215,0.008318429661941112,-0.007804143947655398,0.0,0.0015500545256270446,0.0008191930207197383,0.0032695383496910216,0.005415885132679027,0.013880843329698299,-0.0004787350054525627,0.006739621955652489
96,SenWarren,Elizabeth Warren,-0.00043357933579335776,-0.008065280107346527,0.0006753438443475342,0.009854042267695403,-0.0002002348205300236,0.0008780610533378061,0.0016978530694397856,-0.004737973834283798,-8.460248238845997e-05,-0.0001725259979872526,-0.001609661187520966,-0.001087151962428715,-0.0006943307614894332,-0.005185407581348541,0.005027574639382756,-0.0020229117745722914,-0.003668064407916806,-0.0005279771888627977,0.005614189869171419,-0.0003875545119087548,-0.00018597785977859778,0.001991412277759144,0.0007556189198255621,7.819523649781953e-05,-0.00023200268366320028,0.0017903052666890307,0.008907413619590741,0.004895035223079503,-0.011964273733646426,0.002093257296209326,-0.0041901710835290165,-0.0009402214022140222,-0.003276014760147602,0.0030677289500167727,0.002282321368668232,0.0019159342502515935,-0.0016203622945320365,0.0,0.00255169406239517
97,SenWhitehouse,Sheldon Whitehouse,0.002721876145108098,0.023000000000000007,0.0019935141077317697,0.018372150971051673,0.007594356907292048,0.000825100769512642,3.1916452913155e-05,-0.0008091975082447781,0.006330670575302311,-0.002257676804690363,0.00662063026749725,0.0023046903627702456,0.0046860754855258336,-0.002288530597288384,0.014952363503114689,0.0003755221692927814,-8.226456577500917e-05,-0.0012109563942836203,0.007902674972517407,-7.112495419567593e-05,0.00018098204470502015,0.039071821179919385,-0.0010256137779406371,0.000549395382924148,-0.00018098204470502015,0.002775888603884206,0.006382154635397582,0.003153572737266398,-0.0034013558079882744,0.0073838768779772804,-0.00029212165628435325,-0.0008777574203004763,0.005490619274459505,0.0009411872480762183,0.002706156101135947,0.0050539758153169655,0.012476291681934778,-0.0002569072920483694,0.0030979113228288757
98,Sen_JoeManchin,Senator Joe Manchin,0.0002975533249686324,0.010141248431618568,6.89460476787955e-05,0.01910382685069007,0.00046198243412797987,0.0,0.0,-7.995608531994987e-05,0.005549686323713928,0.0009734943538268508,0.0024821204516938524,0.006040526976160601,0.0004478042659974906,0.0,0.017149749058971125,0.0002992471769134253,0.0,0.0006482120451693852,0.00024852572145545797,0.0,0.00040090966122961107,0.03777612923462984,0.0001426913425345044,0.0002575595984943538,0.0,0.0012824027603513175,0.0016905583437892093,0.0023583124215809286,0.001977227101631117,0.0011727728983688833,-0.0011275094102885823,0.0,0.002300658720200753,0.0014813989962358845,0.0012844416562107902,0.018888456712672523,0.01928334378920953,0.0,0.006346769134253452
99,SteveDaines,Steve Daines,0.00032423603793466804,0.01446340007024938,-0.00022132068844397615,0.007215244116613981,0.0,0.00025303828591499825,0.0,-0.0009408500175623465,0.0006892167193537061,-0.0001268703898840885,0.0029437653670530382,0.0018144362486828241,0.0007918159466104674,-0.001127748507200562,0.0039303828591499826,0.00034021777309448543,-0.0011323147172462242,-0.0006016157358623112,0.0006096241657885494,0.0,0.0,0.026038180540920254,0.0009025289778714433,0.00018292939936775555,-0.00017348085704250088,0.0010996838777660694,0.0001957850368809273,0.0025750263435194943,0.0022365296803652968,0.0035041447137337555,-0.002397927643133123,0.0,0.004410502283105023,0.00014148226203020722,0.0024875307341060762,0.003390305584826133,0.0125886195995785,0.0,0.0021432384966631546
100,timkaine,Tim Kaine,-0.0060399646643109536,0.013530600706713782,-0.0008951590106007069,0.03294413427561836,0.00052113074204947,5.409893992932863e-05,-0.00012579505300353358,-0.0010724028268551237,0.003201731448763251,-0.0010497526501766783,0.005090282685512369,0.0069830742049469974,0.0018238162544169613,-0.007780848056537102,0.029517773851590115,-0.0002539575971731449,0.0,0.0010984452296819787,0.000987703180212014,-0.0007268551236749117,0.00022473498233215549,0.014177173144876326,0.00024106007067137817,-7.950530035335688e-05,-2.7597173144876346e-05,-0.00033908127208480567,0.005022190812720847,0.0036271378091872796,0.00032872791519434637,0.00039922261484098983,-0.0035618727915194344,-0.0008975265017667844,-0.006526113074204949,0.0030665371024734983,0.002233816254416961,0.0051694699646643106,-0.001275830388692579,0.0,0.004878374558303887
